TITOLO,ISBN,NOME_LINGUA,ANNO_PUBBL,NOME_A,COGNOME_A,DATANASCITA,LUOGO_NASCITA,NOME_ED
Eight Crazy Nights (Adam Sandler s Eight Crazy Nights),870560200-9,English,2018,Gregorius,McPhater,1976-12-04,Pleasantville,1
Gone Fishin ,137066182-7,Georgian,2012,Ange,Symcox,1977-07-01,Paris,1
Gunfighter The,386397507-3,Albanian,2013,Hirsch,Legging,1961-12-19,Oxford,1
Gunfighter The,386397507-3,Albanian,2013,Merna,Lambal,1969-09-30,London,1
Gunfighter The,386397507-3,Albanian,2013,Hortense,Whatson,1978-08-25,Washington,1
Gunfighter The,386397507-3,Albanian,2013,Cal,Inkin,1969-11-22,Oxford,1
Arthur and the Revenge of Maltazard (Arthur et la vengeance de Maltazard),560797299-2,English,2017,Reta,Philippsohn,1966-10-08,Washington,1
Andrei Rublev (Andrey Rublyov),368990830-2,English,2017,Jasen,Itter,1967-12-24,Madison,1
Andrei Rublev (Andrey Rublyov),368990830-2,English,2017,Boycie,Shorey,1989-11-20,Amsterdam,1
Andrei Rublev (Andrey Rublyov),368990830-2,English,2017,Cristian,Pes,1981-09-10,New York,1
Andrei Rublev (Andrey Rublyov),368990830-2,English,2017,Bruno,Goodsall,1963-04-27,London,1
Fear,712463375-3,English,2012,Yancey,Sacher,1961-04-17,Lawrence,1
Fear,712463375-3,English,2012,Kerri,Adiscot,1980-06-28,Cumberland,1
Slaves to the Underground,536751983-0,French,2014,Hortense,Whatson,1978-08-25,Washington,1
Slaves to the Underground,536751983-0,French,2014,Bruno,Goodsall,1963-04-27,London,1
Slaves to the Underground,536751983-0,French,2014,Brynn,Semor,1986-05-09,Oslo,1
Gasoline (Benzina),175205668-X,English,2019,Rubie,Delgua,1970-06-03,Los Angeles,1
Gasoline (Benzina),175205668-X,English,2019,Perrine,Blagden,1984-01-04,Washington,1
Gasoline (Benzina),175205668-X,English,2019,Maible,Twidale,1963-01-29,Bloomington,1
HTM & CSS,607745120-7,Italian,2018,Sansone,Jansen,1968-05-12,Lawrence,1
HTM & CSS,607745120-7,Italian,2018,Ursula,Lockitt,1967-12-14,Liverpool,1
State of Siege (État de siège),226372696-9,Hindi,2013,Sella,Marriage,1988-12-01,Madison,1
State of Siege (État de siège),226372696-9,Hindi,2013,Sandro,Wilcher,1990-09-25,Nashville,1
State of Siege (État de siège),226372696-9,Hindi,2013,Kerri,Adiscot,1980-06-28,Cumberland,1
State of Siege (État de siège),226372696-9,Hindi,2013,Adamo,Ligoe,1971-03-26,New York,1
State of Siege (État de siège),226372696-9,Hindi,2013,Margaretha,Aysik,1973-03-18,Washington,1
Beefcake,457456450-4,Aymara,2016,Margaretta,Pardal,1970-03-08,New York,1
Beefcake,457456450-4,Aymara,2016,Giffer,Leisman,1959-05-25,Los Angeles,1
Beefcake,457456450-4,Aymara,2016,Isacco,McSherry,1976-04-17,Edimburg,1
Beefcake,457456450-4,Aymara,2016,Zilvia,Silver,1958-04-25,Nashville,1
Beefcake,457456450-4,Aymara,2016,Brynn,Semor,1986-05-09,Oslo,1
Oliver Twist,369048652-1,Guaraní,2020,Isacco,McSherry,1976-04-17,Edimburg,1
Oliver Twist,369048652-1,Guaraní,2020,Lu,Jenne,1977-01-11,Seul,1
Absolute Power,946684198-X,Czech,2016,Bryanty,Froud,1970-10-30,London,1
Absolute Power,946684198-X,Czech,2016,Harlene,Tartt,1984-09-20,New York,1
Absolute Power,946684198-X,Czech,2016,Barr,Labbet,1967-07-06,Lawrence,1
Avengers The,843331705-9,Bengali,2012,Abey,Crowest,1965-07-20,New York,1
Avengers The,843331705-9,Bengali,2012,Breanne,Weben,1989-11-13,London,1
Avengers The,843331705-9,Bengali,2012,Sandro,Wilcher,1990-09-25,Nashville,1
Great Expectations,436501926-0,Catalan,2013,Eva,Elcum,1956-02-20,Pleasantville,1
Great Expectations,436501926-0,Catalan,2013,Perrine,Blagden,1984-01-04,Washington,1
Saboteur,167947701-3,English,2014,Mirelle,Hehnke,1968-06-25,Los Angeles,1
Saboteur,167947701-3,English,2014,Gil,Lettington,1974-08-11,Los Angeles,1
Saboteur,167947701-3,English,2014,Corri,Gavrieli,1974-06-30,London,1
From Above,872379238-8,English,2018,Ramez,Elmasri,1970-02-16,Oxford,1
From Above,872379238-8,English,2018,Sim,Frondt,1967-05-20,Bloomington,1
From Above,872379238-8,English,2018,Ileane,Spurriar,1969-09-03,Los Angeles,1
From Above,872379238-8,English,2018,Sella,Marriage,1988-12-01,Madison,1
From Above,872379238-8,English,2018,Leroy,Vasiltsov,1976-10-13,San Diego,1
From Above,872379238-8,English,2018,Beverlee,Jepensen,1976-12-17,Cumberland,1
From Above,872379238-8,English,2018,Jodee,Westwick,1968-01-23,Liverpool,1
Strangers on a Train,565659819-5,Dutch,2014,Fanchon,Bish,1987-08-27,New York,1
Strangers on a Train,565659819-5,Dutch,2014,Brynn,Semor,1986-05-09,Oslo,1
Strangers on a Train,565659819-5,Dutch,2014,Inesita,Dallender,1982-04-05,New York,1
Strangers on a Train,565659819-5,Dutch,2014,Marnie,Spinke,1987-09-07,Los Angeles,1
LA Without a Map,421308038-2,English,2014,Boycie,Shorey,1989-11-20,Amsterdam,1
LA Without a Map,421308038-2,English,2014,Gertrudis,Corzon,1983-06-21,Oxford,1
LA Without a Map,421308038-2,English,2014,Ileane,Spurriar,1969-09-03,Los Angeles,1
Boys of St Vincent The,366292343-2,English,2013,Theo,McLauchlin,1961-03-01,Cardiff,1
Boys of St Vincent The,366292343-2,English,2013,Russ,Leander,1959-11-16,Oxford,1
Boys of St Vincent The,366292343-2,English,2013,Jon,Duckett,1978-08-16,Los Angeles,1
Knack and How to Get It The,657583349-7,English,2015,Cecile,Follacaro,1986-01-08,New York,1
Knack and How to Get It The,657583349-7,English,2015,Burk,Torr,1984-08-01,Bloomington,1
Get Smart,387623794-7,English,2010,Merissa,Senechault,1956-02-02,New York,2
Get Smart,387623794-7,English,2010,Xylia,Bendle,1975-01-01,Cumberland,2
Get Smart,387623794-7,English,2010,Jodee,Westwick,1968-01-23,Liverpool,2
Stonewall,660038142-6,Icelandic,2016,Jacquenette,Snookes,1973-08-07,Lawrence,2
Hot Fuzz,867778553-1,Polish,2012,Shamkant,Navathe,1962-11-24,London,2
Hot Fuzz,867778553-1,Polish,2012,Karie,Bendixen,1969-12-29,Amsterdam,2
Paradise Lost 2 Revelations,165632171-8,Italian,2010,Cristian,Pes,1981-09-10,New York,2
Diplomacy (Diplomatie),507124152-8,French,2019,Hastings,Sweetman,1978-08-13,Los Angeles,2
Diplomacy (Diplomatie),507124152-8,French,2019,Godwin,Lebbern,1983-11-16,San Diego,2
Diplomacy (Diplomatie),507124152-8,French,2019,Lewes,Salsberg,1988-05-18,Cumberland,2
Diplomacy (Diplomatie),507124152-8,French,2019,Jasen,Itter,1967-12-24,Madison,2
Diplomacy (Diplomatie),507124152-8,French,2019,Betti,Benz,1977-08-05,Berlino,2
Diplomacy (Diplomatie),507124152-8,French,2019,Roxy,Burnage,1955-04-13,Oxford,2
Human-computer interaction,364615054-8,English,2017,Petunia,Breznovic,1981-02-19,Prague,2
Human-computer interaction,364615054-8,English,2017,Jefferson,Dewire,1971-02-16,Cardiff,2
Human-computer interaction,364615054-8,English,2017,Bryanty,Froud,1970-10-30,London,2
Kumail Nanjiani Beta Male ,925812482-0,German,2010,Gwyneth,Tinsley,1986-05-12,Los Angeles,2
Kumail Nanjiani Beta Male ,925812482-0,German,2010,Giustina,Jezzard,1969-02-04,Pleasantville,2
Kumail Nanjiani Beta Male ,925812482-0,German,2010,Andrej,Von Der Empten,1989-12-17,Amsterdam,2
Kumail Nanjiani Beta Male ,925812482-0,German,2010,Russ,Leander,1959-11-16,Oxford,2
Kumail Nanjiani Beta Male ,925812482-0,German,2010,Lavena,Capey,1972-02-17,Cumberland,2
Kumail Nanjiani Beta Male ,925812482-0,German,2010,Shelbi,Wheelton,1987-09-12,Los Angeles,2
Iron Mask The,951964371-0,Bengali,2014,Ludvig,Callf,1971-06-05,London,2
Kairat,825867311-4,Hiri Motu,2013,Cristian,Pes,1981-09-10,New York,2
Kairat,825867311-4,Hiri Motu,2013,Hirsch,Legging,1961-12-19,Oxford,2
Kairat,825867311-4,Hiri Motu,2013,Leroy,Vasiltsov,1976-10-13,San Diego,2
Carmen Comes Home (Karumen kokyo ni kaeru),517581126-6,Hindi,2020,Cristian,Pes,1981-09-10,New York,2
Carmen Comes Home (Karumen kokyo ni kaeru),517581126-6,Hindi,2020,Gertrudis,Corzon,1983-06-21,Oxford,2
Vehicle 19,509808775-9,English,2013,Margaretta,Pardal,1970-03-08,New York,2
Attack of the 50 Foot Woman,075305079-X,Danish,2010,Sim,Frondt,1967-05-20,Bloomington,2
Enemy,216013488-0,Arabic,2012,Lewes,Salsberg,1988-05-18,Cumberland,2
Enemy,216013488-0,Arabic,2012,Jermaine,Van Velde,1979-04-23,Los Angeles,2
Enemy,216013488-0,Arabic,2012,Fiorenze,Deluca,1984-07-22,Lawrence,2
Enemy,216013488-0,Arabic,2012,Hastings,Sweetman,1978-08-13,Los Angeles,2
History Boys The,333748888-9,Catalan,2017,Perrine,Blagden,1984-01-04,Washington,2
History Boys The,333748888-9,Catalan,2017,Luciano,Gamberini,1979-11-08,Rome,2
Battle Royale 2 Requiem (Batoru rowaiaru II Chinkonka),585173205-9,English,2018,Gabriella,Orum,1958-11-21,Madison,2
Battle Royale 2 Requiem (Batoru rowaiaru II Chinkonka),585173205-9,English,2018,Brynn,Semor,1986-05-09,Oslo,2
Battle Royale 2 Requiem (Batoru rowaiaru II Chinkonka),585173205-9,English,2018,Erny,Wrixon,1967-02-25,Nashville,2
Svidd Neger,376459959-6,English,2018,Cecile,Follacaro,1986-01-08,New York,2
Svidd Neger,376459959-6,English,2018,Hastings,Sweetman,1978-08-13,Los Angeles,2
Svidd Neger,376459959-6,English,2018,Russ,Leander,1959-11-16,Oxford,2
Svidd Neger,376459959-6,English,2018,Junia,Everal,1973-11-09,Los Angeles,2
Peculiarities of the National Hunt (Osobennosti natsionalnoy okhoty) ,947990234-6,English,2019,Beverlee,Jepensen,1976-12-17,Cumberland,2
Peculiarities of the National Hunt (Osobennosti natsionalnoy okhoty) ,947990234-6,English,2019,Jon,Duckett,1978-08-16,Los Angeles,2
Peculiarities of the National Hunt (Osobennosti natsionalnoy okhoty) ,947990234-6,English,2019,Ange,Symcox,1977-07-01,Paris,2
Open Windows,405663612-5,English,2015,Ludvig,Callf,1971-06-05,London,2
Open Windows,405663612-5,English,2015,Kerri,Adiscot,1980-06-28,Cumberland,2
Open Windows,405663612-5,English,2015,Jermaine,Van Velde,1979-04-23,Los Angeles,2
Open Windows,405663612-5,English,2015,Breanne,Weben,1989-11-13,London,2
Open Windows,405663612-5,English,2015,Junia,Everal,1973-11-09,Los Angeles,2
Open Windows,405663612-5,English,2015,Shamkant,Navathe,1962-11-24,London,2
Fundamentals of Database Systems,740153355-3,Italian,2019,Jodee,Westwick,1968-01-23,Liverpool,2
Fundamentals of Database Systems,740153355-3,Italian,2019,Sella,Marriage,1988-12-01,Madison,2
Fundamentals of Database Systems,740153355-3,Italian,2019,Junia,Everal,1973-11-09,Los Angeles,2
Lone Ranger The,698429931-4,Icelandic,2011,Gregorius,McPhater,1976-12-04,Pleasantville,3
Lone Ranger The,698429931-4,Icelandic,2011,Margaretta,Pardal,1970-03-08,New York,3
Lone Ranger The,698429931-4,Icelandic,2011,Maible,Twidale,1963-01-29,Bloomington,3
Lone Ranger The,698429931-4,Icelandic,2011,De,Wackly,1989-09-17,Bloomington,3
Woman on the Beach (Haebyeonui yeoin),661872594-1,English,2020,Gwyneth,Tinsley,1986-05-12,Los Angeles,3
Woman on the Beach (Haebyeonui yeoin),661872594-1,English,2020,Ludvig,Callf,1971-06-05,London,3
Chronicle of a Summer (Chronique d un été),851106761-2,Italian,2019,Cristian,Pes,1981-09-10,New York,3
Chronicle of a Summer (Chronique d un été),851106761-2,Italian,2019,Sim,Frondt,1967-05-20,Bloomington,3
Chronicle of a Summer (Chronique d un été),851106761-2,Italian,2019,Junia,Everal,1973-11-09,Los Angeles,3
Such Is Life (Así es la vida),301170811-8,English,2019,Angil,Beckson,1956-05-01,Oxford,3
Such Is Life (Así es la vida),301170811-8,English,2019,Nicki,Pharrow,1984-09-16,Los Angeles,3
Tenchi The Samurai Astronomer,214940353-6,English,2018,Zilvia,Silver,1958-04-25,Nashville,3
Tenchi The Samurai Astronomer,214940353-6,English,2018,Cal,Inkin,1969-11-22,Oxford,3
Ingeborg Holm,814543114-X,English,2013,Jasen,Itter,1967-12-24,Madison,3
Ingeborg Holm,814543114-X,English,2013,Adamo,Ligoe,1971-03-26,New York,3
Inspectors The,050916783-7,Catalan,2017,Harlene,Tartt,1984-09-20,New York,3
Inspectors The,050916783-7,Catalan,2017,Margaretha,Aysik,1973-03-18,Washington,3
Golem,296111646-5,Japanese,2019,Giffer,Leisman,1959-05-25,Los Angeles,3
Golem,296111646-5,Japanese,2019,Giustina,Jezzard,1969-02-04,Pleasantville,3
Golem,296111646-5,Japanese,2019,Jefferson,Dewire,1971-02-16,Cardiff,3
Golem,296111646-5,Japanese,2019,Enrico,Zimuel,1972-04-11,Milan,3
Golem,296111646-5,Japanese,2019,Jacquenette,Snookes,1973-08-07,Lawrence,3
Bed & Breakfast Love is a Happy Accident (Bed & Breakfast),076691563-8,Dari,2018,Karie,Bendixen,1969-12-29,Amsterdam,3
Family Tree,129488690-8,English,2017,Ludvig,Callf,1971-06-05,London,3
Family Tree,129488690-8,English,2017,Ludvig,Callf,1971-06-05,London,3
Family Tree,129488690-8,English,2017,Abey,Crowest,1965-07-20,New York,3
Purple Rose of Cairo The,292051296-X,Guaraní,2013,Sim,Frondt,1967-05-20,Bloomington,3
PHP 7 development,331424241-7,Italian,2015,Margaretha,Aysik,1973-03-18,Washington,3
PHP 7 development,331424241-7,Italian,2015,Adamo,Ligoe,1971-03-26,New York,3
PHP 7 development,331424241-7,Italian,2015,Margaretta,Pardal,1970-03-08,New York,3
Phil Spector,065646345-7,Irish Gaelic,2020,Sim,Frondt,1967-05-20,Bloomington,3
Phil Spector,065646345-7,Irish Gaelic,2020,Quincey,Franke,1964-10-12,Bloomington,3
Phil Spector,065646345-7,Irish Gaelic,2020,Angil,Beckson,1956-05-01,Oxford,3
Phil Spector,065646345-7,Irish Gaelic,2020,Cecile,Follacaro,1986-01-08,New York,3
Phil Spector,065646345-7,Irish Gaelic,2020,Walker,Dumberell,1965-12-30,London,3
Death Defying Acts,009140312-X,Dhivehi,2017,Mirelle,Hehnke,1968-06-25,Los Angeles,3
Death Defying Acts,009140312-X,Dhivehi,2017,Petunia,Breznovic,1981-02-19,Prague,3
Death Defying Acts,009140312-X,Dhivehi,2017,Cal,Inkin,1969-11-22,Oxford,3
Doc Savage The Man of Bronze,093035174-6,English,2015,Enrico,Zimuel,1972-04-11,Milan,3
Doc Savage The Man of Bronze,093035174-6,English,2015,Ramez,Elmasri,1970-02-16,Oxford,3
Doc Savage The Man of Bronze,093035174-6,English,2015,Raquel,Semered,1972-03-21,Bloomington,3
Doc Savage The Man of Bronze,093035174-6,English,2015,Marnie,Spinke,1987-09-07,Los Angeles,3
Family Life,394873350-3,English,2014,Beverlee,Jepensen,1976-12-17,Cumberland,3
Family Life,394873350-3,English,2014,Chelsea,Nannetti,1973-04-14,San Diego,3
Family Life,394873350-3,English,2014,Adamo,Ligoe,1971-03-26,New York,3
Family Life,394873350-3,English,2014,Ludvig,Callf,1971-06-05,London,3
The Dark Horse,132261731-7,Guaraní,2018,Xylia,Bendle,1975-01-01,Cumberland,3
The Dark Horse,132261731-7,Guaraní,2018,Russ,Leander,1959-11-16,Oxford,3
The Dark Horse,132261731-7,Guaraní,2018,Jermaine,Van Velde,1979-04-23,Los Angeles,3
The Dark Horse,132261731-7,Guaraní,2018,Hirsch,Legging,1961-12-19,Oxford,3
Secret Garden The,368968937-6,English,2014,Sandro,Wilcher,1990-09-25,Nashville,4
Secret Garden The,368968937-6,English,2014,Nicki,Pharrow,1984-09-16,Los Angeles,4
Secret Garden The,368968937-6,English,2014,Ludvig,Callf,1971-06-05,London,4
Secret Garden The,368968937-6,English,2014,Andrej,Von Der Empten,1989-12-17,Amsterdam,4
Gingerbread Man The,004023598-X,Dari,2012,Bartolemo,Chadwin,1969-07-22,Pleasantville,4
Gingerbread Man The,004023598-X,Dari,2012,Chelsea,Nannetti,1973-04-14,San Diego,4
Gingerbread Man The,004023598-X,Dari,2012,Godwin,Lebbern,1983-11-16,San Diego,4
Gingerbread Man The,004023598-X,Dari,2012,Xylia,Bendle,1975-01-01,Cumberland,4
World of Kanako The (Kawaki),290005808-2,Lao,2020,Briant,Anespie,1989-01-01,Los Angeles,4
Meet Joe Black,182342356-6,Japanese,2011,Zilvia,Silver,1958-04-25,Nashville,4
Meet Joe Black,182342356-6,Japanese,2011,Harlene,Tartt,1984-09-20,New York,4
Meet Joe Black,182342356-6,Japanese,2011,Lavena,Capey,1972-02-17,Cumberland,4
Meet Joe Black,182342356-6,Japanese,2011,Theo,McLauchlin,1961-03-01,Cardiff,4
You Only Live Once,147191251-5,Dari,2018,Merissa,Senechault,1956-02-02,New York,4
You Only Live Once,147191251-5,Dari,2018,Cristian,Pes,1981-09-10,New York,4
You Only Live Once,147191251-5,Dari,2018,Godwin,Lebbern,1983-11-16,San Diego,4
Dakota Skye,194862546-6,English,2011,Hannah,Bachnic,1956-06-22,Madison,4
The Fourth War,171208472-0,English,2020,Godwin,Lebbern,1983-11-16,San Diego,4
Nicholas on Holiday,362309208-8,English,2018,Jodee,Westwick,1968-01-23,Liverpool,4
And Nobody Weeps for Me (Und keiner weint mir nach),992229254-8,Italian,2017,Alejandrina,Bardell,1962-10-25,Wilpen,4
And Nobody Weeps for Me (Und keiner weint mir nach),992229254-8,Italian,2017,Hirsch,Legging,1961-12-19,Oxford,4
And Nobody Weeps for Me (Und keiner weint mir nach),992229254-8,Italian,2017,Breanne,Weben,1989-11-13,London,4
Sound of Music The,103300276-3,Khmer,2019,Mirelle,Hehnke,1968-06-25,Los Angeles,4
Sound of Music The,103300276-3,Khmer,2019,Jon,Duckett,1978-08-16,Los Angeles,4
Sound of Music The,103300276-3,Khmer,2019,Ileane,Spurriar,1969-09-03,Los Angeles,4
Red White & Blue,253760945-X,English,2016,Adamo,Ligoe,1971-03-26,New York,4
Red White & Blue,253760945-X,English,2016,Perrine,Blagden,1984-01-04,Washington,4
Red White & Blue,253760945-X,English,2016,Bruno,Goodsall,1963-04-27,London,4
Children Are Watching Us The (Bambini ci guardano I),015674765-0,English,2018,Jon,Duckett,1978-08-16,Los Angeles,4
Children Are Watching Us The (Bambini ci guardano I),015674765-0,English,2018,Ange,Symcox,1977-07-01,Paris,4
Children Are Watching Us The (Bambini ci guardano I),015674765-0,English,2018,Yancey,Sacher,1961-04-17,Lawrence,4
Addams Family The,131544489-5,English,2019,Giustina,Jezzard,1969-02-04,Pleasantville,4
Addams Family The,131544489-5,English,2019,Fiorenze,Deluca,1984-07-22,Lawrence,4
Agent Vinod,526942871-7,Catalan,2017,Marnie,Spinke,1987-09-07,Los Angeles,4
Agent Vinod,526942871-7,Catalan,2017,Merna,Lambal,1969-09-30,London,4
Agent Vinod,526942871-7,Catalan,2017,Chelsea,Nannetti,1973-04-14,San Diego,4
Agent Vinod,526942871-7,Catalan,2017,Andrej,Von Der Empten,1989-12-17,Amsterdam,4
Agent Vinod,526942871-7,Catalan,2017,Branden,Huffer,1955-01-03,Bloomington,4
Young Cassidy,280992700-6,German,2018,Luciano,Gamberini,1979-11-08,Rome,4
Young Cassidy,280992700-6,German,2018,Alessandro,Oldam,1972-07-09,New York,4
Young Cassidy,280992700-6,German,2018,Cointon,Stranaghan,1963-12-30,New York,4
Day the Universe Changed The,672560381-5,Northern Sotho,2018,Harlene,Tartt,1984-09-20,New York,4
Day the Universe Changed The,672560381-5,Northern Sotho,2018,Merrick,Harbron,1959-11-09,Pleasantville,4
Day the Universe Changed The,672560381-5,Northern Sotho,2018,Shamkant,Navathe,1962-11-24,London,4
Day the Universe Changed The,672560381-5,Northern Sotho,2018,Barr,Labbet,1967-07-06,Lawrence,4
Day the Universe Changed The,672560381-5,Northern Sotho,2018,Walker,Dumberell,1965-12-30,London,4
Day the Universe Changed The,672560381-5,Northern Sotho,2018,De,Wackly,1989-09-17,Bloomington,4
Day the Universe Changed The,672560381-5,Northern Sotho,2018,Cointon,Stranaghan,1963-12-30,New York,4
Day the Universe Changed The,672560381-5,Northern Sotho,2018,Cal,Inkin,1969-11-22,Oxford,4
Altman,404884623-X,Czech,2010,Barr,Labbet,1967-07-06,Lawrence,4
Altman,404884623-X,Czech,2010,Giustina,Jezzard,1969-02-04,Pleasantville,4
Altman,404884623-X,Czech,2010,Yancey,Sacher,1961-04-17,Lawrence,4
Altman,404884623-X,Czech,2010,Vitia,Douch,1977-08-20,London,4
Altman,404884623-X,Czech,2010,Booth,Belvard,1959-10-11,London,4
Shuttle,271280652-2,English,2017,Betti,Benz,1977-08-05,Berlino,4
Shuttle,271280652-2,English,2017,Russ,Leander,1959-11-16,Oxford,4
Shuttle,271280652-2,English,2017,Reta,Philippsohn,1966-10-08,Washington,4
Shuttle,271280652-2,English,2017,Harlene,Tartt,1984-09-20,New York,4
Split Second,816886703-3,Italian,2012,Merrick,Harbron,1959-11-09,Pleasantville,4
Split Second,816886703-3,Italian,2012,Breanne,Weben,1989-11-13,London,4
Revenge of the Nerds,502714957-3,Japanese,2019,Corri,Gavrieli,1974-06-30,London,5
Revenge of the Nerds,502714957-3,Japanese,2019,Lewes,Salsberg,1988-05-18,Cumberland,5
Revenge of the Nerds,502714957-3,Japanese,2019,Kerri,Adiscot,1980-06-28,Cumberland,5
Stupid Boy (Garçon stupide),998941371-1,Italian,2013,Gregorius,McPhater,1976-12-04,Pleasantville,5
Streetcar Named Desire A,510453377-8,English,2013,Gertrudis,Corzon,1983-06-21,Oxford,5
Streetcar Named Desire A,510453377-8,English,2013,Farrah,Letham,1962-07-15,Oxford,5
Streetcar Named Desire A,510453377-8,English,2013,Emiline,Greenhough,1982-04-11,Madison,5
Scenic Route,299282269-8,English,2015,Sim,Frondt,1967-05-20,Bloomington,5
Scenic Route,299282269-8,English,2015,Margaretha,Aysik,1973-03-18,Washington,5
Scenic Route,299282269-8,English,2015,Sella,Marriage,1988-12-01,Madison,5
Scenic Route,299282269-8,English,2015,Gabriella,Orum,1958-11-21,Madison,5
Maniac,136964378-0,English,2013,Boycie,Shorey,1989-11-20,Amsterdam,5
Maniac,136964378-0,English,2013,Boycie,Shorey,1989-11-20,Amsterdam,5
Maniac,136964378-0,English,2013,Shamkant,Navathe,1962-11-24,London,5
Rebecca,432587582-4,Swedish,2015,Maible,Twidale,1963-01-29,Bloomington,5
Rebecca,432587582-4,Swedish,2015,Gregorius,McPhater,1976-12-04,Pleasantville,5
Rebecca,432587582-4,Swedish,2015,Lewes,Salsberg,1988-05-18,Cumberland,5
Trial,284203566-6,Korean,2013,Sim,Frondt,1967-05-20,Bloomington,5
Trial,284203566-6,Korean,2013,Karie,Bendixen,1969-12-29,Amsterdam,5
Trial,284203566-6,Korean,2013,Rubie,Delgua,1970-06-03,Los Angeles,5
Memory,083845517-4,Punjabi,2014,Burk,Torr,1984-08-01,Bloomington,5
Luna de Avellaneda,441842932-8,Guaraní,2018,Russ,Leander,1959-11-16,Oxford,5
Luna de Avellaneda,441842932-8,Guaraní,2018,Giffer,Leisman,1959-05-25,Los Angeles,5
Luna de Avellaneda,441842932-8,Guaraní,2018,Rubie,Delgua,1970-06-03,Los Angeles,5
Life of Another The (La vie d une autre),009047587-9,English,2015,Gregorius,McPhater,1976-12-04,Pleasantville,5
Life of Another The (La vie d une autre),009047587-9,English,2015,Inesita,Dallender,1982-04-05,New York,5
Memory Keeper s Daughter The,594275024-6,English,2012,Bruno,Goodsall,1963-04-27,London,5
Memory Keeper s Daughter The,594275024-6,English,2012,Karie,Bendixen,1969-12-29,Amsterdam,5
Memory Keeper s Daughter The,594275024-6,English,2012,Betti,Benz,1977-08-05,Berlino,5
Memory Keeper s Daughter The,594275024-6,English,2012,Bartolemo,Chadwin,1969-07-22,Pleasantville,5
Concrete Night (Betoniyö),222223087-X,Irish Gaelic,2010,Ludvig,Callf,1971-06-05,London,5
Jubilee,343838580-5,English,2015,Ileane,Spurriar,1969-09-03,Los Angeles,5
Jubilee,343838580-5,English,2015,Gertrudis,Corzon,1983-06-21,Oxford,5
Jubilee,343838580-5,English,2015,Rubie,Delgua,1970-06-03,Los Angeles,5
Jubilee,343838580-5,English,2015,Breanne,Weben,1989-11-13,London,5
Jubilee,343838580-5,English,2015,Boycie,Shorey,1989-11-20,Amsterdam,5
Raisin in the Sun A,469863297-8,Punjabi,2015,Fiorenze,Deluca,1984-07-22,Lawrence,5
Raisin in the Sun A,469863297-8,Punjabi,2015,Hastings,Sweetman,1978-08-13,Los Angeles,5
19th Wife The,371268896-2,Belarusian,2016,Alejandrina,Bardell,1962-10-25,Wilpen,5
19th Wife The,371268896-2,Belarusian,2016,Briant,Anespie,1989-01-01,Los Angeles,5
From the Life of the Marionettes (Aus dem Leben der Marionetten) ,542931356-4,Italian,2015,Hirsch,Legging,1961-12-19,Oxford,5
From the Life of the Marionettes (Aus dem Leben der Marionetten) ,542931356-4,Italian,2015,Maible,Twidale,1963-01-29,Bloomington,5
From the Life of the Marionettes (Aus dem Leben der Marionetten) ,542931356-4,Italian,2015,Emiline,Greenhough,1982-04-11,Madison,5
From the Life of the Marionettes (Aus dem Leben der Marionetten) ,542931356-4,Italian,2015,Burk,Torr,1984-08-01,Bloomington,5
From the Life of the Marionettes (Aus dem Leben der Marionetten) ,542931356-4,Italian,2015,Sansone,Jansen,1968-05-12,Lawrence,5
Brides (Nyfes),752213396-3,Georgian,2012,Jodee,Westwick,1968-01-23,Liverpool,6
Brides (Nyfes),752213396-3,Georgian,2012,Hirsch,Legging,1961-12-19,Oxford,6
Brides (Nyfes),752213396-3,Georgian,2012,Hastings,Sweetman,1978-08-13,Los Angeles,6
Pitch Black,255439894-1,English,2015,Booth,Belvard,1959-10-11,London,6
Pitch Black,255439894-1,English,2015,Briant,Anespie,1989-01-01,Los Angeles,6
Thieves The (Dodookdeul),887526619-0,Romanian,2011,Gregorius,McPhater,1976-12-04,Pleasantville,6
Thieves The (Dodookdeul),887526619-0,Romanian,2011,Bryanty,Froud,1970-10-30,London,6
Thieves The (Dodookdeul),887526619-0,Romanian,2011,Ursula,Lockitt,1967-12-14,Liverpool,6
Thieves The (Dodookdeul),887526619-0,Romanian,2011,Breanne,Weben,1989-11-13,London,6
Thieves The (Dodookdeul),887526619-0,Romanian,2011,Raquel,Semered,1972-03-21,Bloomington,6
Closure,492112694-1,English,2018,Theo,McLauchlin,1961-03-01,Cardiff,6
Closure,492112694-1,English,2018,Jodee,Westwick,1968-01-23,Liverpool,6
Closure,492112694-1,English,2018,Hastings,Sweetman,1978-08-13,Los Angeles,6
Wave The (Welle Die),469785019-X,English,2014,Gertrudis,Corzon,1983-06-21,Oxford,6
Wave The (Welle Die),469785019-X,English,2014,Beverlee,Jepensen,1976-12-17,Cumberland,6
Wave The (Welle Die),469785019-X,English,2014,Corri,Gavrieli,1974-06-30,London,6
Rains of Ranchipur The,158999545-7,English,2012,Merissa,Senechault,1956-02-02,New York,6
Rains of Ranchipur The,158999545-7,English,2012,Ursula,Lockitt,1967-12-14,Liverpool,6
Convoy,989371762-0,German,2015,Bryanty,Froud,1970-10-30,London,6
Convoy,989371762-0,German,2015,Maible,Twidale,1963-01-29,Bloomington,6
Convoy,989371762-0,German,2015,Booth,Belvard,1959-10-11,London,6
Convoy,989371762-0,German,2015,Marnie,Spinke,1987-09-07,Los Angeles,6
Come Blow Your Horn,087133062-8,English,2013,Ramez,Elmasri,1970-02-16,Oxford,6
Come Blow Your Horn,087133062-8,English,2013,Perrine,Blagden,1984-01-04,Washington,6
Black Windmill The,449571196-2,English,2013,Ramez,Elmasri,1970-02-16,Oxford,6
Nick and Norah s Infinite Playlist,671158165-2,Czech,2019,Cecile,Follacaro,1986-01-08,New York,6
Nick and Norah s Infinite Playlist,671158165-2,Czech,2019,Jermaine,Van Velde,1979-04-23,Los Angeles,6
Longest Yard The,014330257-4,Georgian,2010,Karie,Bendixen,1969-12-29,Amsterdam,6
Longest Yard The,014330257-4,Georgian,2010,Sella,Marriage,1988-12-01,Madison,6
No Distance Left to Run,192373118-1,English,2019,Pincas,Paulisch,1973-12-24,Berlino,6
No Distance Left to Run,192373118-1,English,2019,Ami,Adamo,1978-08-10,Lawrence,6
Last Ride,347737564-5,Haitian Creole,2019,Harlene,Tartt,1984-09-20,New York,6
Last Ride,347737564-5,Haitian Creole,2019,Gil,Lettington,1974-08-11,Los Angeles,6
Last Ride,347737564-5,Haitian Creole,2019,Rubie,Delgua,1970-06-03,Los Angeles,6
Mon oncle d Amérique,136320382-7,English,2017,Bruno,Goodsall,1963-04-27,London,6
Mon oncle d Amérique,136320382-7,English,2017,Merissa,Senechault,1956-02-02,New York,6
Get Bruce,389625239-9,Hebrew,2020,Bartolemo,Chadwin,1969-07-22,Pleasantville,7
Dragon Ball Z Bio-Broly (Doragon bôru Z 11 Sûpâ senshi gekiha! Katsu no wa ore da),786395256-5,English,2019,Jefferson,Dewire,1971-02-16,Cardiff,7
Dragon Ball Z Bio-Broly (Doragon bôru Z 11 Sûpâ senshi gekiha! Katsu no wa ore da),786395256-5,English,2019,Cecile,Follacaro,1986-01-08,New York,7
Dragon Ball Z Bio-Broly (Doragon bôru Z 11 Sûpâ senshi gekiha! Katsu no wa ore da),786395256-5,English,2019,Merrick,Harbron,1959-11-09,Pleasantville,7
Suit for Wedding A (aka The Wedding Suit) (Lebassi Baraye Arossi),085745713-6,English,2020,Kerri,Adiscot,1980-06-28,Cumberland,7
Murder by Proxy How America Went Postal,801081738-4,English,2019,Gabriella,Orum,1958-11-21,Madison,7
Murder by Proxy How America Went Postal,801081738-4,English,2019,Branden,Huffer,1955-01-03,Bloomington,7
Cyrano de Bergerac,611928800-7,Korean,2017,Yancey,Sacher,1961-04-17,Lawrence,7
Heroine,023019395-1,Dzongkha,2013,Inesita,Dallender,1982-04-05,New York,7
Heroine,023019395-1,Dzongkha,2013,Sansone,Jansen,1968-05-12,Lawrence,7
Heroine,023019395-1,Dzongkha,2013,Boycie,Shorey,1989-11-20,Amsterdam,7
Heroine,023019395-1,Dzongkha,2013,Marnie,Spinke,1987-09-07,Los Angeles,7
Rollerball,595626866-2,Hungarian,2014,Burk,Torr,1984-08-01,Bloomington,7
Rollerball,595626866-2,Hungarian,2014,Inesita,Dallender,1982-04-05,New York,7
Carbon Nation,168316748-1,Portuguese,2012,Cointon,Stranaghan,1963-12-30,New York,7
Carbon Nation,168316748-1,Portuguese,2012,Fiorenze,Deluca,1984-07-22,Lawrence,7
Carbon Nation,168316748-1,Portuguese,2012,Marja,Rosedale,1989-03-25,New York,7
Times Square,744780754-0,English,2020,Hortense,Whatson,1978-08-25,Washington,7
Times Square,744780754-0,English,2020,Ramez,Elmasri,1970-02-16,Oxford,7
Times Square,744780754-0,English,2020,Raquel,Semered,1972-03-21,Bloomington,7
Tyler Perry s I Can Do Bad All by Myself,560211284-7,Italian,2018,Boycie,Shorey,1989-11-20,Amsterdam,7
Tyler Perry s I Can Do Bad All by Myself,560211284-7,Italian,2018,Barr,Labbet,1967-07-06,Lawrence,7
Deadline,663119553-5,Spanish,2015,Bryanty,Froud,1970-10-30,London,7
Hollywood Party,769740772-8,English,2018,Godwin,Lebbern,1983-11-16,San Diego,7
Hollywood Party,769740772-8,English,2018,Corri,Gavrieli,1974-06-30,London,7
Hollywood Party,769740772-8,English,2018,Sim,Frondt,1967-05-20,Bloomington,7
Hollywood Party,769740772-8,English,2018,Marnie,Spinke,1987-09-07,Los Angeles,7
Life is to Whistle (Vida es silbar La),421128511-4,English,2012,Booth,Belvard,1959-10-11,London,7
Life is to Whistle (Vida es silbar La),421128511-4,English,2012,Sella,Marriage,1988-12-01,Madison,7
Life is to Whistle (Vida es silbar La),421128511-4,English,2012,Emiline,Greenhough,1982-04-11,Madison,7
Life is to Whistle (Vida es silbar La),421128511-4,English,2012,Harlene,Tartt,1984-09-20,New York,7
Kirikou and the Wild Beast (Kirikou et les bêtes sauvages),978061177-0,Khmer,2010,Raquel,Semered,1972-03-21,Bloomington,7
Kirikou and the Wild Beast (Kirikou et les bêtes sauvages),978061177-0,Khmer,2010,Rubie,Delgua,1970-06-03,Los Angeles,7
Waydowntown,259579784-0,English,2018,Sim,Frondt,1967-05-20,Bloomington,7
Waydowntown,259579784-0,English,2018,Walker,Dumberell,1965-12-30,London,7
Waydowntown,259579784-0,English,2018,Ileane,Spurriar,1969-09-03,Los Angeles,7
Renaissance,554021569-9,English,2018,Fiorenze,Deluca,1984-07-22,Lawrence,7
Renaissance,554021569-9,English,2018,Jodee,Westwick,1968-01-23,Liverpool,7
Renaissance,554021569-9,English,2018,Boycie,Shorey,1989-11-20,Amsterdam,7
Renaissance,554021569-9,English,2018,Mirelle,Hehnke,1968-06-25,Los Angeles,7
Almanya - Welcome to Germany (Almanya - Willkommen in Deutschland),022938411-0,Guaraní,2014,Bryanty,Froud,1970-10-30,London,7
Almanya - Welcome to Germany (Almanya - Willkommen in Deutschland),022938411-0,Guaraní,2014,Merissa,Senechault,1956-02-02,New York,7
Almanya - Welcome to Germany (Almanya - Willkommen in Deutschland),022938411-0,Guaraní,2014,Gil,Lettington,1974-08-11,Los Angeles,7
Kleines Arschloch - Der Film,768148078-1,Korean,2017,Vitia,Douch,1977-08-20,London,7
Wall Street,600597433-5,English,2020,Jasen,Itter,1967-12-24,Madison,7
Human Failure (Menschliches Versagen),068254989-4,English,2014,Marnie,Spinke,1987-09-07,Los Angeles,8
Human Failure (Menschliches Versagen),068254989-4,English,2014,Angil,Beckson,1956-05-01,Oxford,8
Richard III,863050834-5,Chinese,2019,Ursula,Lockitt,1967-12-14,Liverpool,8
Richard III,863050834-5,Chinese,2019,Merrick,Harbron,1959-11-09,Pleasantville,8
Richard III,863050834-5,Chinese,2019,Leroy,Vasiltsov,1976-10-13,San Diego,8
Key Largo,425111017-X,Estonian,2019,Xylia,Bendle,1975-01-01,Cumberland,8
Key Largo,425111017-X,Estonian,2019,Jermaine,Van Velde,1979-04-23,Los Angeles,8
Key Largo,425111017-X,Estonian,2019,Fanchon,Bish,1987-08-27,New York,8
Animal House,265972215-3,English,2017,Erny,Wrixon,1967-02-25,Nashville,8
Animal House,265972215-3,English,2017,Perrine,Blagden,1984-01-04,Washington,8
Missionary Man,927994979-9,Dhivehi,2017,Fanchon,Bish,1987-08-27,New York,8
Missionary Man,927994979-9,Dhivehi,2017,Barr,Labbet,1967-07-06,Lawrence,8
Cars,101215590-0,English,2012,Margaretta,Pardal,1970-03-08,New York,8
Cars,101215590-0,English,2012,Shelbi,Wheelton,1987-09-12,Los Angeles,8
Cars,101215590-0,English,2012,Enrico,Zimuel,1972-04-11,Milan,8
Cars,101215590-0,English,2012,Branden,Huffer,1955-01-03,Bloomington,8
Cars,101215590-0,English,2012,Adamo,Ligoe,1971-03-26,New York,8
Krrish,976860084-5,English,2016,Beverlee,Jepensen,1976-12-17,Cumberland,8
Krrish,976860084-5,English,2016,Lavena,Capey,1972-02-17,Cumberland,8
Krrish,976860084-5,English,2016,Hirsch,Legging,1961-12-19,Oxford,8
Krrish,976860084-5,English,2016,Ileane,Spurriar,1969-09-03,Los Angeles,8
Krrish,976860084-5,English,2016,Enrico,Zimuel,1972-04-11,Milan,8
Krrish,976860084-5,English,2016,Ramez,Elmasri,1970-02-16,Oxford,8
Krrish,976860084-5,English,2016,Perrine,Blagden,1984-01-04,Washington,8
Krrish,976860084-5,English,2016,Bruno,Goodsall,1963-04-27,London,8
Krrish,976860084-5,English,2016,Angil,Beckson,1956-05-01,Oxford,8
Krrish,976860084-5,English,2016,Kerri,Adiscot,1980-06-28,Cumberland,8
Ninotchka,384050463-5,Quechua,2017,Ursula,Lockitt,1967-12-14,Liverpool,8
Ninotchka,384050463-5,Quechua,2017,Adamo,Ligoe,1971-03-26,New York,8
Ninotchka,384050463-5,Quechua,2017,Bartolemo,Chadwin,1969-07-22,Pleasantville,8
Ninotchka,384050463-5,Quechua,2017,Ami,Adamo,1978-08-10,Lawrence,8
Happy People A Year in the Taiga,653175736-1,Swedish,2012,Ramez,Elmasri,1970-02-16,Oxford,8
Happy People A Year in the Taiga,653175736-1,Swedish,2012,Isacco,McSherry,1976-04-17,Edimburg,8
Happy People A Year in the Taiga,653175736-1,Swedish,2012,Ami,Adamo,1978-08-10,Lawrence,8
Happy People A Year in the Taiga,653175736-1,Swedish,2012,Hortense,Whatson,1978-08-25,Washington,8
Story of My Life The (Mensonges et trahisons et plus si affinités),760264513-8,English,2012,Marnie,Spinke,1987-09-07,Los Angeles,8
Story of My Life The (Mensonges et trahisons et plus si affinités),760264513-8,English,2012,Marja,Rosedale,1989-03-25,New York,8
Wolf Man The,836374770-X,Indonesian,2013,Sandro,Wilcher,1990-09-25,Nashville,8
Wolf Man The,836374770-X,Indonesian,2013,Bartolemo,Chadwin,1969-07-22,Pleasantville,8
Wolf Man The,836374770-X,Indonesian,2013,Jodee,Westwick,1968-01-23,Liverpool,8
Day of the Triffids The,179592990-1,English,2011,Shamkant,Navathe,1962-11-24,London,8
Day of the Triffids The,179592990-1,English,2011,Fanchon,Bish,1987-08-27,New York,8
Deep Impact,385828979-5,Bengali,2019,Cristian,Pes,1981-09-10,New York,8
Deep Impact,385828979-5,Bengali,2019,Brynn,Semor,1986-05-09,Oslo,8
Deep Impact,385828979-5,Bengali,2019,Hortense,Whatson,1978-08-25,Washington,8
Deep Impact,385828979-5,Bengali,2019,Giustina,Jezzard,1969-02-04,Pleasantville,8
Deep Impact,385828979-5,Bengali,2019,Angil,Beckson,1956-05-01,Oxford,8
Deep Impact,385828979-5,Bengali,2019,Merna,Lambal,1969-09-30,London,8
Flight of the Living Dead,391578830-9,Kazakh,2014,Ursula,Lockitt,1967-12-14,Liverpool,8
Dead Man Walking,052706515-3,English,2011,Vitia,Douch,1977-08-20,London,8
Dead Man Walking,052706515-3,English,2011,Abey,Crowest,1965-07-20,New York,8
Dead Man Walking,052706515-3,English,2011,Gwyneth,Tinsley,1986-05-12,Los Angeles,8
High Spirits,256739345-5,Swedish,2016,Bruno,Goodsall,1963-04-27,London,8
High Spirits,256739345-5,Swedish,2016,Harlene,Tartt,1984-09-20,New York,8
South of Heaven West of Hell,346481000-3,English,2015,Ramez,Elmasri,1970-02-16,Oxford,9
Larceny Inc,857627191-5,English,2012,Lavena,Capey,1972-02-17,Cumberland,9
Larceny Inc,857627191-5,English,2012,Leroy,Vasiltsov,1976-10-13,San Diego,9
Larceny Inc,857627191-5,English,2012,Merna,Lambal,1969-09-30,London,9
Larceny Inc,857627191-5,English,2012,Godwin,Lebbern,1983-11-16,San Diego,9
Act Da Fool,653073623-9,English,2020,Petunia,Breznovic,1981-02-19,Prague,9
Lavender Hill Mob The,435456826-8,English,2016,Perrine,Blagden,1984-01-04,Washington,9
Lavender Hill Mob The,435456826-8,English,2016,Fiorenze,Deluca,1984-07-22,Lawrence,9
1208 East of Bucharest (A fost sau n-a fost?),601546113-6,Gujarati,2011,Leroy,Vasiltsov,1976-10-13,San Diego,9
1208 East of Bucharest (A fost sau n-a fost?),601546113-6,Gujarati,2011,Shelbi,Wheelton,1987-09-12,Los Angeles,9
Redemption The Stan Tookie Williams Story,501862280-6,Finnish,2011,Ramez,Elmasri,1970-02-16,Oxford,9
Project X,829914597-X,English,2019,Angil,Beckson,1956-05-01,Oxford,9
Project X,829914597-X,English,2019,Lewes,Salsberg,1988-05-18,Cumberland,9
Project X,829914597-X,English,2019,Alejandrina,Bardell,1962-10-25,Wilpen,9
Forbidden Christ The (Cristo proibito Il),970334328-7,Danish,2019,Mirelle,Hehnke,1968-06-25,Los Angeles,9
Forbidden Christ The (Cristo proibito Il),970334328-7,Danish,2019,Lu,Jenne,1977-01-11,Seul,9
Forbidden Christ The (Cristo proibito Il),970334328-7,Danish,2019,Mirelle,Hehnke,1968-06-25,Los Angeles,9
Forbidden Christ The (Cristo proibito Il),970334328-7,Danish,2019,Ileane,Spurriar,1969-09-03,Los Angeles,9
Forbidden Christ The (Cristo proibito Il),970334328-7,Danish,2019,Erny,Wrixon,1967-02-25,Nashville,9
Forbidden Christ The (Cristo proibito Il),970334328-7,Danish,2019,Gwyneth,Tinsley,1986-05-12,Los Angeles,9
Forbidden Christ The (Cristo proibito Il),970334328-7,Danish,2019,Bartolemo,Chadwin,1969-07-22,Pleasantville,9
Stingray Sam,086031288-7,Polish,2019,Adamo,Ligoe,1971-03-26,New York,9
Stingray Sam,086031288-7,Polish,2019,Beverlee,Jepensen,1976-12-17,Cumberland,9
Angels  Share The,733508116-5,English,2017,Pincas,Paulisch,1973-12-24,Berlino,9
Private Detective 62,055417113-9,English,2017,Raquel,Semered,1972-03-21,Bloomington,9
Private Detective 62,055417113-9,English,2017,Godwin,Lebbern,1983-11-16,San Diego,9
The Frame,515279116-1,English,2010,Ursula,Lockitt,1967-12-14,Liverpool,9
The Frame,515279116-1,English,2010,Alejandrina,Bardell,1962-10-25,Wilpen,9
The Frame,515279116-1,English,2010,Sandro,Wilcher,1990-09-25,Nashville,9
The Frame,515279116-1,English,2010,Peri,Maher,1967-04-08,Wilpen,9
The Frame,515279116-1,English,2010,Alessandro,Oldam,1972-07-09,New York,9
The Frame,515279116-1,English,2010,Luciano,Gamberini,1979-11-08,Rome,9
The Frame,515279116-1,English,2010,Maible,Twidale,1963-01-29,Bloomington,9
The Frame,515279116-1,English,2010,Shelbi,Wheelton,1987-09-12,Los Angeles,9
Ironclad,184722570-5,Kashmiri,2011,Gregorius,McPhater,1976-12-04,Pleasantville,9
Ironclad,184722570-5,Kashmiri,2011,Sansone,Jansen,1968-05-12,Lawrence,9
Ironclad,184722570-5,Kashmiri,2011,Brynn,Semor,1986-05-09,Oslo,9
Général Idi Amin Dada A Self Portrait (Général Idi Amin Dada Autoportrait),521329516-9,English,2015,Boycie,Shorey,1989-11-20,Amsterdam,9
Général Idi Amin Dada A Self Portrait (Général Idi Amin Dada Autoportrait),521329516-9,English,2015,Bruno,Goodsall,1963-04-27,London,9
Général Idi Amin Dada A Self Portrait (Général Idi Amin Dada Autoportrait),521329516-9,English,2015,Marja,Rosedale,1989-03-25,New York,9
Under the Bridges (Unter den Brücken),742437654-3,Swedish,2016,Jermaine,Van Velde,1979-04-23,Los Angeles,9
Sergeant Rutledge,372098427-3,Arabic,2011,Briant,Anespie,1989-01-01,Los Angeles,9
Sergeant Rutledge,372098427-3,Arabic,2011,Corri,Gavrieli,1974-06-30,London,9
Sergeant Rutledge,372098427-3,Arabic,2011,Marja,Rosedale,1989-03-25,New York,9
Salvage,190222315-2,Belarusian,2014,Roxy,Burnage,1955-04-13,Oxford,9
Salvage,190222315-2,Belarusian,2014,Andrej,Von Der Empten,1989-12-17,Amsterdam,9
Holy Flying Circus,521847642-0,English,2016,Kerri,Adiscot,1980-06-28,Cumberland,9
Holy Flying Circus,521847642-0,English,2016,Cecile,Follacaro,1986-01-08,New York,9
In the Park,264788349-1,Haitian Creole,2018,Maible,Twidale,1963-01-29,Bloomington,9
In the Park,264788349-1,Haitian Creole,2018,Inesita,Dallender,1982-04-05,New York,9
In the Park,264788349-1,Haitian Creole,2018,Lavena,Capey,1972-02-17,Cumberland,9
Love s Labour s Lost,368515943-7,Czech,2011,Zilvia,Silver,1958-04-25,Nashville,9
Love s Labour s Lost,368515943-7,Czech,2011,Cecile,Follacaro,1986-01-08,New York,9
Inhale,259418123-4,English,2011,Sansone,Jansen,1968-05-12,Lawrence,9
Counterfeiters The (Die Fälscher),006821799-4,Estonian,2018,Reta,Philippsohn,1966-10-08,Washington,9
Counterfeiters The (Die Fälscher),006821799-4,Estonian,2018,Russ,Leander,1959-11-16,Oxford,9
Counterfeiters The (Die Fälscher),006821799-4,Estonian,2018,Ileane,Spurriar,1969-09-03,Los Angeles,9
Counterfeiters The (Die Fälscher),006821799-4,Estonian,2018,Reta,Philippsohn,1966-10-08,Washington,9
Mondays in the Sun (Lunes al sol Los),060088686-7,English,2019,Ange,Symcox,1977-07-01,Paris,9
Mondays in the Sun (Lunes al sol Los),060088686-7,English,2019,Sim,Frondt,1967-05-20,Bloomington,9
Mondays in the Sun (Lunes al sol Los),060088686-7,English,2019,Merissa,Senechault,1956-02-02,New York,9
Sting II The,966859767-2,English,2020,Roxy,Burnage,1955-04-13,Oxford,9
Sting II The,966859767-2,English,2020,Luciano,Gamberini,1979-11-08,Rome,9
Lost City The,666013383-6,English,2014,Sandro,Wilcher,1990-09-25,Nashville,10
Lost City The,666013383-6,English,2014,Hirsch,Legging,1961-12-19,Oxford,10
Lost City The,666013383-6,English,2014,Brynn,Semor,1986-05-09,Oslo,10
Lost City The,666013383-6,English,2014,Xylia,Bendle,1975-01-01,Cumberland,10
Lost City The,666013383-6,English,2014,Karie,Bendixen,1969-12-29,Amsterdam,10
Lost City The,666013383-6,English,2014,Ludvig,Callf,1971-06-05,London,10
Lost City The,666013383-6,English,2014,Peri,Maher,1967-04-08,Wilpen,10
Boys from Fengkuei The (Feng gui lai de ren),351898785-2,Portuguese,2016,Farrah,Letham,1962-07-15,Oxford,10
Boys from Fengkuei The (Feng gui lai de ren),351898785-2,Portuguese,2016,Gil,Lettington,1974-08-11,Los Angeles,10
I m Reed Fish,775940054-3,Kashmiri,2017,Zilvia,Silver,1958-04-25,Nashville,10
I m Reed Fish,775940054-3,Kashmiri,2017,Merrick,Harbron,1959-11-09,Pleasantville,10
Teaching Mrs Tingle,584224789-5,English,2020,Enrico,Zimuel,1972-04-11,Milan,10
Teaching Mrs Tingle,584224789-5,English,2020,Margaretha,Aysik,1973-03-18,Washington,10
Teaching Mrs Tingle,584224789-5,English,2020,Abey,Crowest,1965-07-20,New York,10
Teaching Mrs Tingle,584224789-5,English,2020,Cristian,Pes,1981-09-10,New York,10
Wild River,300485539-9,Dzongkha,2012,Jodee,Westwick,1968-01-23,Liverpool,10
Wild River,300485539-9,Dzongkha,2012,Russ,Leander,1959-11-16,Oxford,10
Wild River,300485539-9,Dzongkha,2012,Barr,Labbet,1967-07-06,Lawrence,10
Iron Horse The,860964250-X,Japanese,2013,Hannah,Bachnic,1956-06-22,Madison,10
Iron Horse The,860964250-X,Japanese,2013,Gabriella,Orum,1958-11-21,Madison,10
Iron Horse The,860964250-X,Japanese,2013,Maible,Twidale,1963-01-29,Bloomington,10
Iron Horse The,860964250-X,Japanese,2013,Cristian,Pes,1981-09-10,New York,10
Iron Horse The,860964250-X,Japanese,2013,Hannah,Bachnic,1956-06-22,Madison,10
Iron Horse The,860964250-X,Japanese,2013,Cal,Inkin,1969-11-22,Oxford,10
Heaven s Prisoners,672217513-8,Bengali,2014,Merrick,Harbron,1959-11-09,Pleasantville,10
Heaven s Prisoners,672217513-8,Bengali,2014,Luciano,Gamberini,1979-11-08,Rome,10
Cassandra Crossing The,945660604-X,Arabic,2016,Sella,Marriage,1988-12-01,Madison,10
Cassandra Crossing The,945660604-X,Arabic,2016,Cointon,Stranaghan,1963-12-30,New York,10
Cassandra Crossing The,945660604-X,Arabic,2016,Cal,Inkin,1969-11-22,Oxford,10
Cassandra Crossing The,945660604-X,Arabic,2016,Giffer,Leisman,1959-05-25,Los Angeles,10
Cassandra Crossing The,945660604-X,Arabic,2016,Nicki,Pharrow,1984-09-16,Los Angeles,10
Crocodile Hunter Collision Course The,711604128-1,English,2014,Yancey,Sacher,1961-04-17,Lawrence,10
Crocodile Hunter Collision Course The,711604128-1,English,2014,Reta,Philippsohn,1966-10-08,Washington,10
Crocodile Hunter Collision Course The,711604128-1,English,2014,Cristian,Pes,1981-09-10,New York,10
Thief of Hearts,000369692-8,English,2016,Betti,Benz,1977-08-05,Berlino,10
Thief of Hearts,000369692-8,English,2016,Jermaine,Van Velde,1979-04-23,Los Angeles,10
Thief of Hearts,000369692-8,English,2016,Yancey,Sacher,1961-04-17,Lawrence,10
Big Squeeze The,516983356-3,English,2014,Ramez,Elmasri,1970-02-16,Oxford,10
Little Children,756564271-1,English,2014,Angil,Beckson,1956-05-01,Oxford,10
Little Children,756564271-1,English,2014,Chelsea,Nannetti,1973-04-14,San Diego,10
Little Children,756564271-1,English,2014,Hastings,Sweetman,1978-08-13,Los Angeles,10
Million Ways to Die in the West A,875127371-3,Norwegian,2014,Boycie,Shorey,1989-11-20,Amsterdam,10
Million Ways to Die in the West A,875127371-3,Norwegian,2014,Karie,Bendixen,1969-12-29,Amsterdam,10
Million Ways to Die in the West A,875127371-3,Norwegian,2014,Rubie,Delgua,1970-06-03,Los Angeles,10
Million Ways to Die in the West A,875127371-3,Norwegian,2014,Bryanty,Froud,1970-10-30,London,10
Buddy,170243376-5,English,2015,Peri,Maher,1967-04-08,Wilpen,10
Shaka Zulu The Citadel,829509196-4,Swedish,2014,Merna,Lambal,1969-09-30,London,10
Shaka Zulu The Citadel,829509196-4,Swedish,2014,Alejandrina,Bardell,1962-10-25,Wilpen,10
Elizabeth,356414253-3,English,2012,Raquel,Semered,1972-03-21,Bloomington,10
Elizabeth,356414253-3,English,2012,Erny,Wrixon,1967-02-25,Nashville,10
Elizabeth,356414253-3,English,2012,Merna,Lambal,1969-09-30,London,10
